Species,104_CERVIX_A,90_CERVIX_A,93_CERVIX_A,94_CERVIX_A,95_CERVIX_A,96_CERVIX_A,97_CERVIX_A,98_CERVIX_A,99_CERVIX_A,104_CERVIX_G,90_CERVIX_G,93_CERVIX_G,94_CERVIX_G,95_CERVIX_G,97_CERVIX_G,98_CERVIX_G,99_CERVIX_G,104_CERVIX_M,90_CERVIX_M,93_CERVIX_M,94_CERVIX_M,95_CERVIX_M,96_CERVIX_M,97_CERVIX_M,98_CERVIX_M,99_CERVIX_M,104_CERVIX_PRE,93_CERVIX_PRE,94_CERVIX_PRE,95_CERVIX_PRE,96_CERVIX_PRE,97_CERVIX_PRE,98_CERVIX_PRE,99_CERVIX_PRE,104_ENDOMETRIUM_A,77_ENDOMETRIUM_A,78_ENDOMETRIUM_A,79_ENDOMETRIUM_A,81_ENDOMETRIUM_A,90_ENDOMETRIUM_A,91_ENDOMETRIUM_A,93_ENDOMETRIUM_A,94_ENDOMETRIUM_A,95_ENDOMETRIUM_A,96_ENDOMETRIUM_A,98_ENDOMETRIUM_A,99_ENDOMETRIUM_A,992_ENDOMETRIUM_A,104_ENDOMETRIUM_G,77_ENDOMETRIUM_G,78_ENDOMETRIUM_G,79_ENDOMETRIUM_G,80_ENDOMETRIUM_G,81_ENDOMETRIUM_G,90_ENDOMETRIUM_G,91_ENDOMETRIUM_G,93_ENDOMETRIUM_G,94_ENDOMETRIUM_G,97_ENDOMETRIUM_G,99_ENDOMETRIUM_G,992_ENDOMETRIUM_G,104_ENDOMETRIUM_M,77_ENDOMETRIUM_M,78_ENDOMETRIUM_M,79_ENDOMETRIUM_M,80_ENDOMETRIUM_M,81_ENDOMETRIUM_M,90_ENDOMETRIUM_M,91_ENDOMETRIUM_M,93_ENDOMETRIUM_M,94_ENDOMETRIUM_M,95_ENDOMETRIUM_M,97_ENDOMETRIUM_M,98_ENDOMETRIUM_M,99_ENDOMETRIUM_M,992_ENDOMETRIUM_M,104_VAGINA_A,77_VAGINA_A,78_VAGINA_A,79_VAGINA_A,80_VAGINA_A,81_VAGINA_A,90_VAGINA_A,91_VAGINA_A,93_VAGINA_A,94_VAGINA_A,95_VAGINA_A,96_VAGINA_A,97_VAGINA_A,98_VAGINA_A,99_VAGINA_A,104_VAGINA_G,77_VAGINA_G,78_VAGINA_G,79_VAGINA_G,80_VAGINA_G,81_VAGINA_G,90_VAGINA_G,91_VAGINA_G,93_VAGINA_G,94_VAGINA_G,95_VAGINA_G,97_VAGINA_G,98_VAGINA_G,99_VAGINA_G,104_VAGINA_M,77_VAGINA_M,78_VAGINA_M,79_VAGINA_M,80_VAGINA_M,81_VAGINA_M,90_VAGINA_M,91_VAGINA_M,93_VAGINA_M,94_VAGINA_M,95_VAGINA_M,96_VAGINA_M,97_VAGINA_M,98_VAGINA_M,99_VAGINA_M,104_VAGINA_PRE,77_VAGINA_PRE,78_VAGINA_PRE,79_VAGINA_PRE,80_VAGINA_PRE,81_VAGINA_PRE,90_VAGINA_PRE,91_VAGINA_PRE,93_VAGINA_PRE,94_VAGINA_PRE,95_VAGINA_PRE,96_VAGINA_PRE,97_VAGINA_PRE,98_VAGINA_PRE,99_VAGINA_PRE,77_ENDOMETRIUM_PRE,78_ENDOMETRIUM_PRE,79_ENDOMETRIUM_PRE,80_ENDOMETRIUM_PRE,81_ENDOMETRIUM_PRE,90_ENDOMETRIUM_PRE,91_ENDOMETRIUM_PRE,93_ENDOMETRIUM_PRE,94_ENDOMETRIUM_PRE,96_ENDOMETRIUM_PRE,97_ENDOMETRIUM_PRE,98_ENDOMETRIUM_PRE,99_ENDOMETRIUM_PRE,992_ENDOMETRIUM_PRE
Acinetobacter ursingii,0,0,0,0,0,0,0,0,0,0,0,0,0,0,0,0,0,7659,0,0,0,0,0,0,0,0,0,0,0,0,0,0,0,0,0,0,0,0,0,0,0,0,0,0,0,0,0,0,0,0,0,0,0,0,0,16543,80183,0,0,0,0,0,0,98250,0,0,0,0,189673,0,0,0,0,0,0,0,98844,0,0,0,0,0,0,0,0,0,0,0,0,0,0,0,0,0,0,0,0,0,0,0,0,0,0,0,0,0,0,0,0,0,0,0,0,0,0,0,0,0,0,0,0,0,0,0,0,0,0,0,0,0,0,0,0,0,0,0,0,0,0,0,0,0,0,0,0,0,0,0,0
Aerococcus christensenii,0,0,0,0,0,0,0,0,0,0,0,0,0,0,0,0,0,0,0,0,0,0,0,0,0,0,0,0,0,0,0,0,0,0,0,0,0,0,0,0,0,0,0,0,0,0,0,0,0,0,0,0,0,0,0,0,0,0,0,0,0,0,0,0,0,0,0,0,0,0,0,65454,20584,0,0,0,7630,1716,16248,16484,4579,53433,0,9078,81712,0,0,172093,7684,44543,0,43707,22461,0,0,0,0,0,0,0,0,0,0,0,0,0,0,0,0,0,0,0,0,0,0,0,0,0,0,0,0,0,0,0,0,0,0,0,0,0,0,0,0,0,0,27397,36477,0,0,0,0,0,0,4919,46035,0,0,38375,15213
Anaerococcus mediterraneensis,0,4766,1380,918,0,0,0,2575,2856,3785,899,0,749,0,0,14018,26575,849,0,0,3892,4344,0,0,0,29770,0,9972,0,59896,52031,59413,29588,74776,78690,850,0,0,0,0,0,0,0,0,0,1985,0,0,0,1567,0,0,0,0,0,0,0,0,2557,0,0,0,0,4276,0,0,489,0,0,0,0,0,0,0,0,0,0,0,0,0,0,0,0,12380,0,0,0,0,0,0,0,13283,1830,0,0,0,0,1636,0,0,0,0,0,0,0,0,0,0,0,0,0,1579,2872,0,0,0,0,0,0,0,0,0,0,0,0,0,779,0,3228,10628,0,0,0,0,16121,0,0,0,0,0,0,0,0,0,0,0,0,0,0
Anaerococcus prevotii,0,23913,3341,1826,0,0,0,11057,793,9975,3053,0,198,0,0,26149,0,3069,2072,0,1142,11420,0,0,0,5352,0,21833,0,197289,236555,228597,90140,293181,379435,3354,96,0,0,0,0,0,0,0,0,0,0,0,0,0,0,0,0,0,0,0,0,0,374,2241,0,0,0,5793,101,0,376,1697,0,0,0,0,0,0,0,0,0,0,1007,0,0,0,0,40685,17818,0,0,0,0,869,0,53044,8119,0,0,0,0,255,0,0,0,575,0,0,0,0,0,0,0,0,0,5603,341,0,0,0,0,0,0,0,0,0,0,0,0,0,723,0,299,0,0,0,0,0,3008,0,3250,0,0,0,0,0,0,0,4457,0,0,0,2540
Corynebacterium matruchotii,0,0,0,0,0,0,0,0,0,0,0,0,0,0,0,0,0,0,0,0,2514,0,0,0,0,0,0,0,0,0,0,0,0,0,0,14778,0,0,0,0,176,0,0,0,0,0,0,0,0,0,0,0,0,0,0,0,312,0,0,0,0,0,0,0,0,0,0,0,0,0,0,0,0,0,0,0,0,0,0,0,0,0,0,0,0,0,0,915,0,0,0,0,0,0,0,0,0,0,0,0,0,0,0,0,0,0,0,0,0,0,0,0,0,0,0,0,0,0,0,0,0,0,0,0,0,0,0,0,0,0,0,0,0,0,0,0,0,0,0,0,0,0,0,0,0,0,0,0,0
Corynebacterium sanguinis,0,0,0,0,0,0,0,0,0,0,0,0,0,0,0,0,0,0,0,0,0,0,0,19973,0,0,0,0,0,0,0,0,0,0,0,0,0,0,0,0,0,0,0,0,0,0,0,0,0,0,0,0,0,2206,0,3656,0,2726,0,0,0,0,2982,0,0,0,0,1490,0,0,0,0,0,0,0,0,0,0,0,0,0,0,0,0,0,0,0,0,0,0,0,0,0,0,0,0,0,0,0,0,0,0,0,0,0,0,0,0,0,0,0,0,0,0,0,1280,0,0,0,0,0,0,0,0,0,0,0,0,0,0,0,0,0,0,0,0,0,0,0,0,0,0,0,0,0,0,0,0,0
Cutibacterium acnes,5521,2007,546,0,7304,31774,6542,447,36739,598,0,3509,26878,21557,3595,7525,4632,6091,0,36759,17184,11381,0,135439,13536,7933,3901,2816,5373,744,0,2227,1065,0,0,44234,31361,8166,280,1045,3349,0,0,3624,592,3496,1167,0,10418,2545,112,2181,4287,3430,4249,1584,4513,3172,3861,0,574,138791,5522,18393,148,2787,7548,7833,816,434,13495,3069,105,0,17089,1188,255,0,2254,58,0,1646,482,206,0,0,5139,1432,0,55,327,896,0,2425,0,1706,0,7514,7932,0,0,796,0,3364,0,377,0,4072,0,1043,347,1525,6433,0,0,3148,11147,366,414,382,0,0,0,2286,2311,0,2908,17438,282,15539,2339,4925,332,0,15411,2091,0,10300,22585,10450,11842,2625,1426,391,685,13077,17657,664,0
Cutibacterium granulosum,0,0,0,0,0,0,0,0,8315,0,0,0,0,0,0,0,0,3889,0,0,0,0,0,0,0,0,0,0,3512,0,0,0,0,0,0,0,0,0,0,0,0,0,0,20427,0,0,0,0,0,0,0,0,0,0,0,0,0,0,0,0,0,0,0,0,0,0,0,0,0,0,0,0,0,0,0,0,0,0,0,167,0,0,0,0,0,0,0,0,0,0,0,0,0,0,0,0,0,0,0,0,0,0,0,0,0,0,0,0,0,0,0,0,0,0,0,1752,0,0,0,0,0,0,0,0,0,0,0,0,0,0,0,0,0,0,0,2689,0,0,0,17333,1605,0,0,0,0,0,0,0,0
Cutibacterium modestum,0,961,0,0,10686,0,0,0,0,0,0,0,0,0,0,0,0,676,0,0,10759,42604,0,0,0,0,0,0,0,0,0,0,0,0,0,0,0,3641,0,0,0,0,0,0,0,0,675,0,3408,0,1638,0,0,0,0,0,0,2598,4923,0,0,0,9201,0,0,0,0,1665,0,0,0,0,0,0,0,0,0,0,0,0,0,0,0,0,0,0,0,0,0,0,0,0,0,0,0,0,0,0,0,0,0,6505,0,0,0,0,0,0,0,0,0,0,0,0,0,0,14117,0,0,1586,0,0,0,0,0,0,1214,7763,722,0,0,0,0,0,0,0,0,0,0,0,0,0,0,260,0,0,0,0,0
Escherichia coli,0,0,0,0,0,0,0,0,0,0,0,0,0,0,0,0,81994,169868,598960,28130,0,0,0,0,0,0,0,0,0,0,0,0,0,81182,0,0,0,0,0,0,0,0,0,9091,0,0,0,0,0,0,0,0,0,0,0,507715,636537,0,0,0,0,0,0,622021,0,0,0,0,467271,0,0,0,0,0,0,0,0,0,0,0,0,0,0,0,0,0,0,0,0,0,0,0,0,0,0,0,0,0,0,0,0,0,0,0,0,0,0,0,0,0,0,0,0,0,0,0,0,0,0,0,0,0,0,0,0,0,0,0,0,0,0,0,0,0,0,0,0,0,0,0,0,0,0,0,0,0,0,0,0
Ezakiella coagulans,0,0,0,0,0,0,0,0,0,0,0,0,117670,0,0,0,0,154884,7462,0,0,0,0,0,0,0,0,0,79696,65882,0,0,0,0,0,0,0,0,0,0,0,0,0,0,0,0,0,0,0,0,0,0,0,0,0,0,0,0,30221,0,0,0,0,0,0,0,0,0,0,0,0,0,0,0,0,0,0,0,0,0,0,0,0,0,0,0,0,0,0,0,0,0,0,0,0,0,0,0,0,0,0,0,0,19380,0,4892,0,0,0,0,0,0,0,0,0,0,0,0,0,0,0,0,0,0,0,0,0,0,0,0,0,0,0,0,0,0,0,0,0,0,0,0,0,0,0,0,0,0,0
Fannyhessea vaginae,9518,11680,12485,8163,0,0,1956,6589,0,6125,7693,0,0,0,0,0,0,0,0,0,6655,0,0,0,0,0,8616,0,0,0,0,0,0,0,0,0,0,0,0,0,0,0,0,0,0,0,0,0,0,0,0,0,0,0,0,0,0,0,0,0,604,0,0,0,0,290,0,0,0,125,0,32620,24406,78,0,0,12252,2253,22004,8271,17980,17604,155,61781,71830,225,0,26640,26448,26589,8925,63961,86731,0,0,0,0,930,1226,0,0,0,0,0,0,0,0,0,0,0,0,0,0,0,0,0,0,0,0,0,0,0,0,0,0,0,0,0,0,0,0,0,393,402,49328,148928,103192,0,876,0,0,1224,3786,12458,67970,2810,75806,76066,96114
Gardnerella leopoldii,0,468,781,0,0,0,0,553,0,439,235,0,0,0,0,0,0,0,0,0,0,0,0,0,0,1029,17788,0,0,0,0,0,0,0,0,0,0,0,0,0,0,0,0,0,0,0,0,0,0,0,0,0,0,0,0,0,0,45689,0,0,14212,0,0,0,0,0,0,0,0,0,0,0,0,0,0,0,0,0,0,0,0,0,0,0,0,0,0,0,0,0,0,0,0,0,0,0,0,0,0,0,0,0,0,0,0,0,0,0,0,0,0,0,0,0,0,0,0,0,0,0,0,0,0,0,0,0,0,0,0,0,0,0,0,0,3871,4407,2393,0,0,0,0,0,0,1481,3278,0,1062,2504,3325
Gardnerella vaginalis,0,0,0,0,0,0,0,0,0,0,0,0,0,0,0,0,0,0,0,0,0,0,0,0,0,0,3623,0,0,0,0,0,0,0,0,0,0,0,0,0,0,0,0,0,0,0,0,0,0,0,0,0,0,0,0,0,0,0,0,0,0,0,0,0,0,0,0,0,0,482,3095,4301,1935,0,0,0,234,122,1906,507,1900,6969,0,3939,15601,0,0,0,7791,5931,919,4919,22896,0,0,0,0,0,0,0,0,0,0,0,0,0,0,0,0,0,0,0,0,0,0,0,0,0,0,0,0,0,0,0,0,0,0,0,0,0,0,0,0,0,3402,5859,2301,0,7879,0,0,0,0,360,3032,0,1887,5142,3408
Gemella haemolysans,0,0,0,0,0,3781,1147,0,0,0,0,0,0,0,0,7550,1884,14457,96776,0,0,0,0,0,0,0,0,0,19600,14046,47315,10123,12202,46818,55150,0,0,0,0,0,0,0,0,0,0,575,977,0,0,0,0,0,0,0,0,0,0,0,0,444,0,0,0,4150,0,242,0,1299,0,3180,0,2251,0,0,0,0,0,0,0,0,0,0,0,0,0,0,0,0,0,0,0,0,0,0,0,0,0,5552,0,0,0,0,0,0,0,0,0,0,0,0,0,0,3391,0,0,0,0,0,0,0,0,0,0,0,0,0,0,0,0,0,0,5252,0,0,0,0,0,0,0,0,16094,0,7060,0,0,0,0,0,0
Granulicatella adiacens,0,329,0,0,0,0,0,0,0,0,0,0,0,0,0,0,0,0,0,0,0,0,0,0,0,0,0,0,0,4003,0,0,0,0,0,0,0,497,0,0,0,0,0,42477,0,529,0,0,0,0,0,0,0,24236,0,0,1080,0,0,0,0,0,0,3776,0,0,0,0,0,0,0,0,0,0,0,31563,82,0,0,142,0,0,0,0,0,0,5523,0,0,0,0,0,0,0,0,0,0,1876,0,0,0,0,0,0,0,282,0,0,0,0,0,0,0,0,0,0,1862,0,0,0,0,0,0,0,0,0,0,0,383,0,1090,0,0,0,4802,0,0,0,0,1499,65375,0,0,0,0,0,0,0,0
Haemophilus parainfluenzae,2778,0,766,0,0,0,0,0,0,0,0,0,10133,0,664,0,0,0,663,0,0,0,0,0,0,0,0,0,28067,0,2971,0,0,350,0,9736,0,0,0,713,0,0,0,0,0,0,0,0,0,0,0,0,0,0,0,0,1898,2301,0,1910,0,0,0,0,0,457,0,3523,0,0,0,0,0,0,0,0,14579,0,0,1332,0,0,0,0,0,0,0,0,0,0,0,0,0,0,0,0,0,0,0,0,0,0,0,0,0,0,0,0,0,0,0,0,0,0,0,0,0,0,0,0,0,0,0,0,0,0,0,0,0,3967,0,4381,0,415,0,0,0,0,0,0,43633,0,0,632,1860,100863,13349,0,0
Lacticaseibacillus paracasei,0,0,0,0,0,0,0,0,0,0,0,0,0,0,0,0,0,0,0,0,0,0,0,0,0,0,0,0,0,0,0,0,0,0,0,0,0,0,2634,0,4462,3105,0,0,0,0,15151,0,0,9802,0,0,0,0,0,0,0,3087,0,0,5308,0,0,0,5032,3574,4781,4186,973,0,0,0,859,0,0,0,854,0,0,0,1116,0,0,0,0,0,0,0,0,0,0,0,0,2624,0,3083,0,0,0,0,0,2021,2478,0,0,0,0,0,0,0,0,13165,0,0,0,0,0,0,5879,0,0,7872,0,0,0,0,0,0,0,0,0,0,0,0,0,0,0,0,0,0,0,0,0,0,0,0,0,0,0
Lactobacillus crispatus,0,0,0,0,0,0,3327,174,0,0,0,0,0,3555,0,3627,5221,0,0,641,6425,14531,516,92115,615,17493,18407,0,0,0,0,0,0,0,0,2109,852,13374,161967,42676,356770,304776,141,24856,931,90095,1398691,518,267439,1213411,0,0,0,0,0,0,0,289,0,0,677,576,732,795,916,844,1358,2581,460,0,0,0,180,0,0,0,0,0,0,0,0,0,0,0,0,0,0,0,0,0,0,0,0,6379,0,47121,3004,6765,6494,3519,48711,39649,67914,1295,0,487,0,435,0,1024,744,564344,200848,0,185658,3615,25698,14675,324424,136607,0,529498,0,0,11556,16236,0,0,2125,4154,374,0,11205,0,24575,0,0,2816,0,0,53838,2633,0,572,842,0,0,0,0
Lactobacillus delbrueckii,0,0,123,0,0,0,0,0,0,0,0,0,0,0,0,0,0,997,1737,0,0,0,0,0,0,0,0,0,0,0,0,0,0,0,0,0,0,826,0,0,0,0,0,0,0,0,1734,0,2200,0,0,0,0,0,0,0,15644,0,11685,0,0,0,0,0,0,0,2676,1924,0,0,0,0,609,0,0,0,1027,90,0,1901,0,0,0,0,0,37693,0,0,0,0,0,0,0,0,0,0,0,0,0,0,0,0,0,11284,0,0,0,0,343,0,0,0,0,0,0,1526,0,0,0,0,0,0,0,0,0,0,0,0,0,0,0,0,0,0,0,0,0,0,35687,0,0,0,0,0,0,0,0,0,1349
Lactobacillus gasseri,0,0,0,0,0,0,0,0,0,0,0,0,0,0,0,0,0,0,0,0,0,0,0,0,0,0,0,0,0,0,0,0,0,0,0,0,0,0,0,0,0,0,0,0,0,0,0,0,0,0,0,0,0,0,0,0,0,4896,0,1739,48351,0,0,0,0,0,0,0,0,0,0,0,0,0,0,0,0,0,0,0,0,0,0,0,0,0,0,0,0,0,0,0,0,0,0,0,0,0,0,0,0,0,0,0,0,0,0,0,0,0,0,0,0,0,0,1037,0,0,0,0,0,0,0,0,124058,309069,1049,0,1686,213569,0,55585,587916,0,0,0,0,0,0,0,0,0,0,0,0,0,0,0,0
Lactobacillus iners,219251,91519,5213,3523,256703,222230,335705,14325,144491,18589,5228,0,0,314659,42895,139601,211244,0,4237,207481,92044,356709,2731,56289,23369,12354,64673,0,0,130429,826,91153,0,0,0,215008,405519,203764,2001841,195875,1625660,2221053,2455,69886,42129,153364,623919,10514,182521,1438491,41686,0,0,0,0,0,5323,0,5818,0,0,1544445,323371,1638507,3765809,3183931,3388081,2950901,1554609,173267,434338,856793,1807591,4064,44917,148385,1347436,422335,1302419,657913,1800068,54399,12109,43929,94683,0,38615,169185,347449,526191,281497,94548,309357,2850601,928,2713421,362277,336382,422984,145615,315290,2624952,2647573,33770,0,1989,0,31747,4275,19978,4630,124518,59631,0,11949,46655,121812,12123,74517,113414,0,47570,4451,15424,122469,26158,24065,285583,12646,63120,6371,79441,22616,7760,138783,0,47401,189927,0,288584,31704,302823,123419,154054,37800,258333,196400,68422,0
Lactobacillus jensenii,0,2436,0,0,1307,0,0,0,4544,1238,0,0,0,0,0,0,0,0,0,0,0,0,0,0,0,0,0,0,0,990,0,0,0,0,0,0,0,3022,17831,2796,26960,24694,214,2890,4126,5971,11053,896,5375,20932,1531,1275,104087,3659,1460,1928,2204,1275737,564,8171,2198132,11751,931,25102,360526,92770,649284,428060,26109,125,49,0,0,0,873,330,0,101,49,154,0,11913,0,0,0,0,0,0,0,0,0,0,0,179,0,3260,74,0,0,0,440,0,358,4365,8638,1042722,371,3599,49203,16584,1151086,0,12698,1012,3538,1259,9733,0,3136,6438,548,1993,0,0,5035,890,0,0,0,4270,0,0,0,0,0,0,0,0,0,0,0,0,0,0,0,0,0,0,0
Lactococcus cremoris,0,3081,0,0,1876,6515,0,0,0,0,0,0,0,0,0,0,0,5449,0,0,0,0,0,0,0,0,0,0,0,0,0,0,0,0,0,0,0,0,0,0,0,0,0,0,0,0,717,0,0,309,0,0,0,0,0,0,0,0,0,0,0,0,0,0,0,0,0,0,0,0,0,0,0,0,0,0,0,0,0,0,0,0,0,0,0,0,0,0,0,0,0,0,0,0,0,0,0,0,0,0,0,0,0,0,0,0,0,4150,0,0,0,0,3225,0,0,0,0,1356,0,0,0,0,0,0,0,0,3683,8856,0,6380,0,3656,0,0,0,0,0,0,0,1291,29615,0,0,0,0,0,0,0,0
Lancefieldella parvula,0,0,0,0,0,0,0,0,0,0,0,10154,0,0,0,0,0,1799,0,0,0,0,0,0,0,0,0,531,0,0,2220,0,1416,7163,5694,0,0,0,0,0,169,0,0,0,0,0,0,0,0,0,0,0,0,0,0,0,0,0,0,0,0,0,0,0,0,0,0,0,0,0,0,0,0,0,0,0,0,0,0,0,0,0,0,0,0,0,0,0,0,0,0,0,0,0,0,0,0,0,0,0,0,0,0,0,0,0,0,0,0,0,0,0,0,0,0,0,0,0,0,0,0,0,0,0,0,0,0,0,0,0,0,0,0,0,0,0,0,0,0,0,0,0,0,0,0,0,0,0,0
Metamycoplasma hominis,0,0,0,0,0,0,0,0,0,0,0,0,0,0,0,0,0,0,0,0,0,0,0,0,0,0,0,0,0,0,0,0,0,0,0,0,0,0,0,0,0,0,0,0,0,0,0,0,0,0,0,0,0,0,0,0,0,0,0,0,0,0,0,0,0,0,0,0,0,0,0,0,0,0,0,0,0,0,0,0,0,18963,0,9951,14421,0,0,0,0,4410,0,24718,3909,0,0,0,0,0,0,0,0,0,0,0,0,0,0,0,0,0,0,0,0,0,0,0,0,0,0,0,0,0,0,0,0,0,0,0,0,0,0,0,0,0,0,0,4987,0,0,0,0,0,0,2532,10427,0,0,17407,3105
Moraxella osloensis,28789,0,1150,0,9164,4304,11599,749,4852,0,0,0,0,0,7984,0,3803,27632,825,24448,8277,34554,180,0,32813,0,0,11266,0,17375,0,0,1607,172,0,0,0,3956,0,0,0,0,0,0,0,0,2854,0,0,0,5882,0,0,0,0,0,28626,1792,1134,0,694,47932,16110,11284,0,1894,10565,2620,4999,0,35887,0,0,78,0,0,7414,0,2656,2104,0,0,0,0,141,0,0,0,2131,0,0,0,0,430,0,5910,0,2526,4126,0,0,0,0,4735,0,115,0,0,715,0,0,0,5473,0,0,1971,22980,0,0,4666,0,0,0,2329,0,0,0,12322,1759,0,1014,3227,491,544,0,0,0,0,58725,33915,10023,9267,0,2102,891,0,0,3237,0
Parvimonas micra,0,10638,41372,46901,0,0,0,49579,0,13049,36613,0,0,0,0,0,0,0,0,0,0,0,0,0,0,0,32407,0,0,0,0,0,0,0,0,0,0,0,0,0,0,0,0,0,0,0,0,0,0,0,0,0,0,0,0,0,0,0,0,0,0,0,0,0,0,0,0,0,0,0,0,0,0,0,0,0,0,0,0,0,0,0,0,0,0,0,0,0,0,0,0,0,0,0,0,0,0,0,0,0,0,0,0,0,0,0,0,789,0,0,0,0,0,0,0,0,0,0,0,0,0,0,0,0,0,0,0,0,0,0,0,0,0,0,38001,375081,634698,0,0,0,0,0,0,42516,384106,0,292764,318655,552576
Peptoniphilus harei,0,0,0,0,0,11247,0,0,0,0,0,0,0,0,0,0,0,0,0,0,0,0,0,0,0,0,0,0,0,0,0,0,0,0,0,0,0,0,0,0,0,0,0,0,0,0,0,0,0,1510,0,0,0,0,0,0,0,0,0,0,0,0,0,0,0,0,0,0,0,0,0,0,0,0,1816,0,0,0,0,0,0,0,0,0,0,0,0,0,0,0,0,0,0,0,0,0,0,0,0,0,0,0,0,0,0,0,0,0,0,0,0,0,0,0,0,0,0,0,0,0,0,0,0,0,0,0,0,0,0,0,0,0,0,0,0,0,0,0,0,0,0,0,0,0,0,3403,0,0,0
Peptoniphilus sp. SAHP1,0,0,0,0,0,0,0,1346,0,0,0,0,0,0,0,52516,0,34308,0,0,0,0,0,0,0,0,0,0,0,71836,163895,41458,17078,119192,197907,0,0,0,0,0,0,0,0,0,0,2620,0,0,0,759,0,0,0,0,0,0,0,0,0,0,0,0,0,0,0,0,0,0,0,0,0,0,0,0,9774,80740,0,0,0,814,0,0,0,0,0,0,0,0,0,0,0,0,0,0,0,0,0,0,0,0,0,0,0,0,0,0,0,0,0,0,0,0,0,0,0,0,42828,0,0,0,0,0,0,0,0,0,0,0,0,0,0,0,0,0,0,129926,148639,0,0,0,0,0,0,15483,173602,11209,0,53786,81827
Prevotella buccalis,4648,39159,4964,5940,0,0,0,16603,1590,3167,8620,0,0,0,0,0,17072,2611,0,0,0,0,0,0,0,0,24702,0,0,0,28252,31832,2943,40441,59996,0,0,0,0,0,0,0,0,0,0,0,0,0,0,0,0,0,0,0,0,0,0,0,0,0,0,0,0,0,0,0,0,0,0,0,30462,16672,34228,0,0,9079,10361,11901,183409,8540,46604,33487,0,23144,77157,0,0,1490,20132,52040,5173,15956,77695,0,0,0,0,0,0,0,0,0,0,0,0,0,0,0,0,0,0,0,0,0,0,0,0,0,0,0,0,0,0,0,0,0,0,0,335,0,0,0,0,571,278829,81624,223021,0,995,689,2868,618,3145,35419,154618,6731,542340,85204,175083
Prevotella oris,0,0,0,0,0,0,0,0,0,0,0,0,0,0,0,0,0,2660,0,0,0,0,0,0,0,0,0,0,0,47132,87773,44668,9315,89152,172341,0,0,0,0,0,0,0,0,0,0,0,0,0,0,0,0,0,0,0,0,0,0,0,0,0,0,0,0,0,0,0,0,0,0,0,0,0,0,0,0,0,0,0,0,0,0,0,0,0,0,0,0,0,0,0,0,0,0,0,0,0,0,0,0,0,0,0,0,0,0,0,0,0,0,0,0,0,0,0,0,0,0,0,0,0,0,0,0,0,0,0,0,0,0,0,0,0,0,0,3104,1070,2710,0,0,0,0,0,0,772,1554,0,8313,1380,2292
Rothia mucilaginosa,0,0,0,0,0,0,0,0,2158,0,0,0,0,0,0,0,0,0,0,0,0,0,0,0,0,0,0,0,0,0,0,0,0,0,0,0,0,0,0,0,0,0,0,0,0,622,390,0,1057,0,0,0,0,0,0,0,1365,0,0,0,0,5239,0,0,0,0,0,0,0,0,0,0,0,0,0,0,0,0,0,0,0,0,0,0,0,0,0,0,0,0,0,0,0,0,0,0,0,0,0,0,0,0,0,0,0,0,0,0,0,270,0,601,0,0,0,0,0,0,0,0,0,0,0,0,0,0,0,0,0,0,0,1211,0,0,0,593,0,0,0,0,0,0,0,0,0,0,0,0,0
Sneathia vaginalis,23626,54766,112937,131606,74,66,26443,70436,74,46711,85791,0,0,0,0,0,0,0,0,0,0,0,0,0,209,0,36218,0,0,0,0,0,0,0,0,27977,63791,5251,132,419,7010,0,0,0,0,0,0,0,0,0,0,0,0,0,0,0,0,0,0,0,0,0,0,0,0,0,0,0,0,0,0,0,0,0,0,0,0,0,0,0,0,139283,89,425764,744398,93,148,54818,147705,323173,33800,401600,721589,0,0,0,0,0,2471,0,0,0,0,0,0,0,0,0,0,0,0,0,0,0,0,0,0,0,0,0,0,0,0,0,0,0,0,0,0,0,0,0,0,0,25231,36831,110650,49,0,114,0,0,17994,20039,130602,0,13889,39852,86213
Staphylococcus aureus,0,0,0,0,4788,0,0,0,0,0,0,0,0,86292,0,0,0,2738,0,0,0,0,0,0,0,0,0,0,0,0,0,0,0,0,0,0,0,0,0,0,0,0,0,0,0,0,0,0,0,0,9850,0,0,7190,0,0,0,0,0,0,0,9171,0,0,0,0,0,0,0,0,0,0,0,0,0,0,0,0,0,0,0,0,0,0,0,0,0,0,0,0,0,0,0,0,0,0,0,0,0,0,0,0,0,0,0,0,0,0,0,0,0,0,0,0,0,0,0,0,0,0,0,0,0,0,0,0,0,0,0,42044,0,0,0,0,0,0,0,0,0,0,0,0,0,0,0,23379,13192,0,0
Staphylococcus hominis,3088,425,0,0,4080,4086,0,0,0,0,0,0,0,0,0,4916,0,354,0,461,0,0,0,0,10186,0,0,0,0,0,0,0,0,0,0,0,0,1095,0,0,0,0,0,0,0,0,0,0,4184,0,0,0,4849,4154,0,0,0,588,0,0,0,16367,5303,0,0,465,0,1239,0,0,0,2999,0,0,0,22177,0,0,0,0,0,0,631,1225,0,0,0,0,0,0,0,0,0,149,0,0,0,2444,404,0,0,0,0,1937,0,0,0,0,0,0,0,0,2191,0,0,0,4682,0,0,0,0,0,0,0,0,3682,0,10629,0,2985,0,897,2050,0,7505,0,0,1146,0,6408,6600,0,0,0,2091,0,11556,0,0
Streptococcus salivarius,0,0,0,0,0,0,0,0,0,0,0,16133,0,0,0,0,0,0,0,0,0,0,0,0,0,0,0,0,0,0,0,0,0,0,0,0,0,0,0,0,0,0,0,0,0,0,0,0,0,0,0,0,0,0,0,0,5529,0,0,0,0,0,6910,5650,0,0,0,0,0,0,8080,0,0,0,0,0,0,0,0,0,0,0,0,0,0,0,0,0,0,0,0,0,0,0,0,0,0,0,0,0,0,4147,0,0,0,0,0,0,0,0,0,0,0,0,0,1340,0,0,0,0,0,0,0,0,0,0,0,0,0,0,0,0,0,0,0,0,0,0,0,0,0,0,0,0,0,0,0,0,0
Streptococcus sanguinis,0,0,0,0,0,0,4654,0,0,0,0,0,0,0,0,0,0,0,0,0,0,0,0,0,0,0,0,0,0,0,0,0,0,0,0,0,0,0,0,0,0,0,0,0,0,0,0,0,0,0,0,0,0,0,0,1508,0,0,0,0,0,15810,0,0,0,1014,0,0,0,0,0,0,0,0,0,0,0,0,0,0,0,0,0,0,0,0,665,0,0,0,0,519,0,0,0,0,0,0,0,0,0,0,0,0,0,0,0,0,0,0,0,0,0,0,0,0,7733,0,0,0,0,0,0,0,0,0,0,0,0,0,0,0,0,0,11530,1635,0,0,0,0,72686,0,0,0,0,0,0,0,0
Streptococcus thermophilus,8476,0,0,0,0,3143,0,0,0,0,0,0,0,0,1869,3413,0,22024,1066,0,0,0,0,0,0,0,0,3141,6740,0,0,5117,5340,0,0,0,0,3504,0,0,0,0,0,409,0,6182,935,0,0,0,0,0,8624,0,0,0,1944,0,0,1554,0,0,0,1816,0,0,0,0,0,0,0,0,0,0,0,0,1427,0,2030,1202,0,850,0,0,0,0,0,0,0,0,0,0,0,0,0,0,0,0,3684,0,0,0,0,3349,0,0,0,0,1038,0,0,0,0,0,0,0,2048,0,0,0,0,0,0,1105,0,0,0,0,2315,0,0,6176,0,0,0,0,0,13686,0,2473,17601,0,19086,0,4886,38659,22458,5491,0
